{"v":"4.8.0","meta":{"g":"LottieFiles AE 3.3.6","a":"","k":"","d":"","tc":""},"fr":30,"ip":0,"op":230,"w":1000,"h":1000,"nm":"micro phon","ddd":0,"assets":[],"layers":[{"ddd":0,"ind":1,"ty":4,"nm":"Layer 6","td":1,"sr":1,"ks":{"o":{"a":0,"k":100,"ix":11},"r":{"a":0,"k":0,"ix":10},"p":{"a":0,"k":[507,595.771,0],"ix":2},"a":{"a":0,"k":[6.119,271.375,0],"ix":1},"s":{"a":0,"k":[100,100,100],"ix":6}},"ao":0,"shapes":[{"ty":"gr","it":[{"ind":0,"ty":"sh","ix":1,"ks":{"a":0,"k":{"i":[[0,0],[-75.939,0],[0,0],[-1.134,75.674],[0,0],[0,0],[0,0],[0,0],[0,0],[0,0],[0,0],[0,0],[0,0],[0,0],[0,0],[0,0],[0,0],[0,0],[0,0],[75.117,0],[0,0],[2.42,-74.538],[0,0],[0,0],[0,0],[0,0],[0,0],[0,0],[0,0],[0,0],[0,0],[0,0],[0,0],[0,0],[0,0],[0,0]],"o":[[1.134,75.674],[0,0],[75.939,0],[0,0],[0,0],[0,0],[0,0],[0,0],[0,0],[0,0],[0,0],[0,0],[0,0],[0,0],[0,0],[0,0],[0,0],[0,0],[-2.42,-74.538],[0,0],[-75.115,0],[0,0],[0,0],[0,0],[0,0],[0,0],[0,0],[0,0],[0,0],[0,0],[0,0],[0,0],[0,0],[0,0],[0,0],[0,0]],"v":[[-140.501,134.79],[-1.517,271.678],[1.516,271.678],[140.501,134.79],[59.417,134.79],[59.417,76.926],[140.518,76.926],[140.518,63.4],[59.417,63.4],[59.417,5.536],[140.518,5.536],[140.518,-7.989],[59.417,-7.989],[59.417,-65.853],[140.518,-65.853],[140.518,-79.378],[59.417,-79.378],[59.417,-137.243],[140.444,-137.243],[1.516,-271.678],[-1.517,-271.678],[-140.444,-137.243],[-59.418,-137.243],[-59.418,-79.378],[-140.518,-79.379],[-140.518,-65.853],[-59.418,-65.853],[-59.418,-7.989],[-140.518,-7.989],[-140.518,5.536],[-59.418,5.536],[-59.418,63.4],[-140.518,63.4],[-140.518,76.926],[-59.418,76.926],[-59.418,134.79]],"c":true},"ix":2},"nm":"Path 1","mn":"ADBE Vector Shape - Group","hd":false},{"ty":"fl","c":{"a":0,"k":[0.186712781121,0.588215607288,0.835294117647,1],"ix":4},"o":{"a":0,"k":100,"ix":5},"r":1,"bm":0,"nm":"Fill 1","mn":"ADBE Vector Graphic - Fill","hd":false},{"ty":"tr","p":{"a":0,"k":[0,0],"ix":2},"a":{"a":0,"k":[0,0],"ix":1},"s":{"a":0,"k":[100,100],"ix":3},"r":{"a":0,"k":0,"ix":6},"o":{"a":0,"k":100,"ix":7},"sk":{"a":0,"k":0,"ix":4},"sa":{"a":0,"k":0,"ix":5},"nm":"Transform"}],"nm":"Group 1","np":2,"cix":2,"bm":0,"ix":1,"mn":"ADBE Vector Group","hd":false}],"ip":0,"op":240,"st":0,"bm":0},{"ddd":0,"ind":2,"ty":4,"nm":"Shape Layer 1","tt":1,"sr":1,"ks":{"o":{"a":0,"k":100,"ix":11},"r":{"a":0,"k":0,"ix":10},"p":{"a":1,"k":[{"i":{"x":0.667,"y":1},"o":{"x":0.333,"y":0},"t":137,"s":[512,887,0],"to":[0,-56,0],"ti":[0,48,0]},{"i":{"x":0.667,"y":1},"o":{"x":0.333,"y":0},"t":151,"s":[512,551,0],"to":[0,-48,0],"ti":[0,7.5,0]},{"i":{"x":0.667,"y":1},"o":{"x":0.333,"y":0},"t":156,"s":[512,599,0],"to":[0,-7.5,0],"ti":[0,8.667,0]},{"i":{"x":0.667,"y":1},"o":{"x":0.333,"y":0},"t":161,"s":[512,506,0],"to":[0,-8.667,0],"ti":[0,4.833,0]},{"i":{"x":0.667,"y":1},"o":{"x":0.333,"y":0},"t":165,"s":[512,547,0],"to":[0,-4.833,0],"ti":[0,7.833,0]},{"i":{"x":0.667,"y":1},"o":{"x":0.333,"y":0},"t":170,"s":[512,477,0],"to":[0,-7.833,0],"ti":[0,9.167,0]},{"i":{"x":0.667,"y":1},"o":{"x":0.333,"y":0},"t":173,"s":[512,500,0],"to":[0,-9.167,0],"ti":[0,6.167,0]},{"i":{"x":0.667,"y":1},"o":{"x":0.333,"y":0},"t":178,"s":[512,422,0],"to":[0,-6.167,0],"ti":[0,-3.5,0]},{"i":{"x":0.667,"y":1},"o":{"x":0.333,"y":0},"t":184,"s":[512,463,0],"to":[0,3.5,0],"ti":[0,-15.167,0]},{"i":{"x":0.667,"y":1},"o":{"x":0.333,"y":0},"t":193,"s":[512,443,0],"to":[0,15.167,0],"ti":[0,-10.167,0]},{"i":{"x":0.667,"y":1},"o":{"x":0.333,"y":0},"t":203,"s":[512,554,0],"to":[0,10.167,0],"ti":[0,0.333,0]},{"i":{"x":0.667,"y":1},"o":{"x":0.333,"y":0},"t":211,"s":[512,504,0],"to":[0,-0.333,0],"ti":[0,9.833,0]},{"i":{"x":0.667,"y":1},"o":{"x":0.333,"y":0},"t":222,"s":[512,552,0],"to":[0,-9.833,0],"ti":[0,17.833,0]},{"t":228,"s":[512,445,0]}],"ix":2},"a":{"a":0,"k":[-2,-181,0],"ix":1},"s":{"a":0,"k":[100,100,100],"ix":6}},"ao":0,"shapes":[{"ty":"gr","it":[{"ind":0,"ty":"sh","ix":1,"ks":{"a":0,"k":{"i":[[0,0],[0,0],[0,0],[0,0]],"o":[[0,0],[0,0],[0,0],[0,0]],"v":[[172,-203],[-172,-203],[-172,203],[172,203]],"c":true},"ix":2},"nm":"Path 1","mn":"ADBE Vector Shape - Group","hd":false},{"ty":"fl","c":{"a":0,"k":[0.188235309077,0.588235294118,0.835294177485,1],"ix":4},"o":{"a":0,"k":100,"ix":5},"r":1,"bm":0,"nm":"Fill 1","mn":"ADBE Vector Graphic - Fill","hd":false},{"ty":"tr","p":{"a":0,"k":[-2,-181],"ix":2},"a":{"a":0,"k":[0,0],"ix":1},"s":{"a":0,"k":[122.093,140.32],"ix":3},"r":{"a":0,"k":0,"ix":6},"o":{"a":0,"k":100,"ix":7},"sk":{"a":0,"k":0,"ix":4},"sa":{"a":0,"k":0,"ix":5},"nm":"Transform"}],"nm":"Rectangle 1","np":3,"cix":2,"bm":0,"ix":1,"mn":"ADBE Vector Group","hd":false}],"ip":0,"op":240,"st":0,"bm":0},{"ddd":0,"ind":3,"ty":4,"nm":"Layer 4","sr":1,"ks":{"o":{"a":0,"k":100,"ix":11},"r":{"a":0,"k":0,"ix":10},"p":{"a":0,"k":[500.881,324.396,0],"ix":2},"a":{"a":0,"k":[0,0,0],"ix":1},"s":{"a":0,"k":[100,100,100],"ix":6}},"ao":0,"shapes":[{"ty":"gr","it":[{"ind":0,"ty":"sh","ix":1,"ks":{"a":0,"k":{"i":[[88.935,0],[0,0],[0,88.933],[0,0],[0,0],[0,0],[0,0],[0,0],[0,0],[0,0],[0,0],[0,0],[0,0],[0,0],[0,0],[0,0],[0,0],[0,0],[0,0],[0,0],[-88.934,0],[0,0],[0,-88.933],[0,0],[0,0],[0,0],[0,0],[0,0],[0,0],[0,0],[0,0],[0,0],[0,0],[0,0],[0,0],[0,0],[0,0],[0,0],[0,0],[0,0]],"o":[[0,0],[-88.934,0],[0,0],[0,0],[0,0],[0,0],[0,0],[0,0],[0,0],[0,0],[0,0],[0,0],[0,0],[0,0],[0,0],[0,0],[0,0],[0,0],[0,0],[0,-88.934],[0,0],[88.935,0],[0,0],[0,0],[0,0],[0,0],[0,0],[0,0],[0,0],[0,0],[0,0],[0,0],[0,0],[0,0],[0,0],[0,0],[0,0],[0,0],[0,0],[0,88.934]],"v":[[1.516,293.965],[-1.517,293.965],[-162.804,132.678],[-162.804,112.503],[-81.705,112.503],[-81.705,99.212],[-162.804,99.212],[-162.804,41.114],[-81.705,41.114],[-81.705,27.823],[-162.804,27.823],[-162.804,-30.276],[-81.705,-30.275],[-81.705,-43.567],[-162.804,-43.567],[-162.804,-101.665],[-81.704,-101.665],[-81.704,-114.956],[-162.804,-114.956],[-162.804,-132.678],[-1.517,-293.965],[1.516,-293.965],[162.804,-132.678],[162.804,-114.956],[81.704,-114.956],[81.703,-101.665],[162.804,-101.665],[162.804,-43.567],[81.703,-43.567],[81.703,-30.275],[162.804,-30.275],[162.804,27.823],[81.703,27.823],[81.703,41.114],[162.804,41.114],[162.804,99.212],[81.703,99.212],[81.703,112.503],[162.804,112.503],[162.804,132.678]],"c":true},"ix":2},"nm":"Path 1","mn":"ADBE Vector Shape - Group","hd":false},{"ty":"st","c":{"a":0,"k":[0.188235294118,0.588235294118,0.835294117647,1],"ix":3},"o":{"a":0,"k":100,"ix":4},"w":{"a":0,"k":8,"ix":5},"lc":1,"lj":1,"ml":10,"bm":0,"nm":"Stroke 1","mn":"ADBE Vector Graphic - Stroke","hd":false},{"ty":"tr","p":{"a":0,"k":[0,0],"ix":2},"a":{"a":0,"k":[0,0],"ix":1},"s":{"a":0,"k":[100,100],"ix":3},"r":{"a":0,"k":0,"ix":6},"o":{"a":0,"k":100,"ix":7},"sk":{"a":0,"k":0,"ix":4},"sa":{"a":0,"k":0,"ix":5},"nm":"Transform"}],"nm":"Group 1","np":2,"cix":2,"bm":0,"ix":1,"mn":"ADBE Vector Group","hd":false},{"ty":"tm","s":{"a":0,"k":0,"ix":1},"e":{"a":1,"k":[{"i":{"x":[0.126],"y":[1]},"o":{"x":[0.333],"y":[0]},"t":82,"s":[0]},{"t":137,"s":[100]}],"ix":2},"o":{"a":0,"k":0,"ix":3},"m":1,"ix":2,"nm":"Trim Paths 1","mn":"ADBE Vector Filter - Trim","hd":false}],"ip":0,"op":240,"st":0,"bm":0},{"ddd":0,"ind":4,"ty":4,"nm":"Layer 3","sr":1,"ks":{"o":{"a":0,"k":100,"ix":11},"r":{"a":1,"k":[{"i":{"x":[0.667],"y":[1]},"o":{"x":[0.167],"y":[0]},"t":23,"s":[-26]},{"i":{"x":[0.667],"y":[1]},"o":{"x":[0.333],"y":[0]},"t":44,"s":[-26]},{"i":{"x":[0.667],"y":[1]},"o":{"x":[0.333],"y":[0]},"t":58.737,"s":[25]},{"t":72,"s":[0]}],"ix":10},"p":{"a":1,"k":[{"i":{"x":0.833,"y":0.833},"o":{"x":0.167,"y":0.167},"t":23,"s":[500,-173.601,0],"to":[-0.038,112.704,0],"ti":[0.064,-188.471,0]},{"i":{"x":0.833,"y":0.833},"o":{"x":0.167,"y":0.167},"t":40,"s":[499.761,612.917,0],"to":[-0.005,13.56,0],"ti":[0.004,7.903,0]},{"i":{"x":0.833,"y":0.833},"o":{"x":0.167,"y":0.167},"t":42,"s":[499.748,587.455,0],"to":[-0.004,-8.304,0],"ti":[0.003,-8.52,0]},{"t":44,"s":[499.738,602.399,0]}],"ix":2},"a":{"a":0,"k":[0,0,0],"ix":1},"s":{"a":0,"k":[100,100,100],"ix":6}},"ao":0,"shapes":[{"ty":"gr","it":[{"ind":0,"ty":"sh","ix":1,"ks":{"a":0,"k":{"i":[[65.267,0],[0,0],[46.152,46.151],[0,65.266],[-6.154,0],[0,-6.154],[-41.942,-41.943],[-59.314,0],[0,0],[-41.942,41.942],[0,59.312],[-6.154,0],[0,-6.154],[46.151,-46.152]],"o":[[0,0],[-65.266,0],[-46.151,-46.152],[0,-6.154],[6.154,0],[0,59.312],[41.941,41.942],[0,0],[59.315,0],[41.941,-41.943],[0,-6.154],[6.154,0],[0,65.266],[-46.151,46.151]],"v":[[1.516,127.744],[-1.516,127.744],[-174.296,56.177],[-245.863,-116.601],[-234.72,-127.744],[-223.576,-116.601],[-158.537,40.418],[-1.516,105.458],[1.516,105.458],[158.537,40.418],[223.576,-116.601],[234.72,-127.744],[245.863,-116.601],[174.296,56.178]],"c":true},"ix":2},"nm":"Path 1","mn":"ADBE Vector Shape - Group","hd":false},{"ty":"fl","c":{"a":0,"k":[0.186712781121,0.588215607288,0.835294117647,1],"ix":4},"o":{"a":0,"k":100,"ix":5},"r":1,"bm":0,"nm":"Fill 1","mn":"ADBE Vector Graphic - Fill","hd":false},{"ty":"tr","p":{"a":0,"k":[0,0],"ix":2},"a":{"a":0,"k":[0,0],"ix":1},"s":{"a":0,"k":[100,100],"ix":3},"r":{"a":0,"k":0,"ix":6},"o":{"a":0,"k":100,"ix":7},"sk":{"a":0,"k":0,"ix":4},"sa":{"a":0,"k":0,"ix":5},"nm":"Transform"}],"nm":"Group 1","np":2,"cix":2,"bm":0,"ix":1,"mn":"ADBE Vector Group","hd":false}],"ip":0,"op":240,"st":0,"bm":0},{"ddd":0,"ind":5,"ty":4,"nm":"Layer 2","sr":1,"ks":{"o":{"a":0,"k":100,"ix":11},"r":{"a":1,"k":[{"i":{"x":[0.667],"y":[1]},"o":{"x":[0.333],"y":[0]},"t":0,"s":[90]},{"i":{"x":[0.667],"y":[1]},"o":{"x":[0.333],"y":[0]},"t":15,"s":[90]},{"t":23,"s":[0]}],"ix":10},"p":{"a":1,"k":[{"i":{"x":0.667,"y":1},"o":{"x":0.333,"y":0},"t":0,"s":[1238.487,928.857,0],"to":[-123.125,0.026,0],"ti":[-0.667,-0.526,0]},{"i":{"x":0.667,"y":1},"o":{"x":0.333,"y":0},"t":15,"s":[499.737,929.013,0],"to":[0.667,0.526,0],"ti":[0,16,0]},{"t":23,"s":[499.737,833.013,0]}],"ix":2},"a":{"a":0,"k":[0,0,0],"ix":1},"s":{"a":0,"k":[100,100,100],"ix":6}},"ao":0,"shapes":[{"ty":"gr","it":[{"ind":0,"ty":"sh","ix":1,"ks":{"a":0,"k":{"i":[[6.154,0],[0,6.154],[0,0],[-6.154,0],[0,-6.154],[0,0]],"o":[[-6.154,0],[0,0],[0,-6.154],[6.154,0],[0,0],[0,6.154]],"v":[[0,108.546],[-11.143,97.402],[-11.143,-97.402],[0,-108.546],[11.143,-97.402],[11.143,97.402]],"c":true},"ix":2},"nm":"Path 1","mn":"ADBE Vector Shape - Group","hd":false},{"ty":"fl","c":{"a":0,"k":[0.186712781121,0.588215607288,0.835294117647,1],"ix":4},"o":{"a":0,"k":100,"ix":5},"r":1,"bm":0,"nm":"Fill 1","mn":"ADBE Vector Graphic - Fill","hd":false},{"ty":"tr","p":{"a":0,"k":[0,0],"ix":2},"a":{"a":0,"k":[0,0],"ix":1},"s":{"a":0,"k":[100,100],"ix":3},"r":{"a":0,"k":0,"ix":6},"o":{"a":0,"k":100,"ix":7},"sk":{"a":0,"k":0,"ix":4},"sa":{"a":0,"k":0,"ix":5},"nm":"Transform"}],"nm":"Group 1","np":2,"cix":2,"bm":0,"ix":1,"mn":"ADBE Vector Group","hd":false}],"ip":0,"op":240,"st":0,"bm":0},{"ddd":0,"ind":6,"ty":4,"nm":"Layer 1","sr":1,"ks":{"o":{"a":0,"k":100,"ix":11},"r":{"a":0,"k":0,"ix":10},"p":{"a":1,"k":[{"i":{"x":0.667,"y":1},"o":{"x":0.333,"y":0},"t":0,"s":[1229.737,952.702,0],"to":[-121.667,0,0],"ti":[121.667,0,0]},{"t":15,"s":[499.737,952.702,0]}],"ix":2},"a":{"a":0,"k":[0,0,0],"ix":1},"s":{"a":0,"k":[100,100,100],"ix":6}},"ao":0,"shapes":[{"ty":"gr","it":[{"ind":0,"ty":"sh","ix":1,"ks":{"a":0,"k":{"i":[[6.154,0],[0,0],[0,6.154],[-6.154,0],[0,0],[0,-6.154]],"o":[[0,0],[-6.154,0],[0,-6.154],[0,0],[6.154,0],[0,6.154]],"v":[[151.661,11.143],[-151.661,11.143],[-162.805,0],[-151.661,-11.143],[151.661,-11.143],[162.805,0]],"c":true},"ix":2},"nm":"Path 1","mn":"ADBE Vector Shape - Group","hd":false},{"ty":"fl","c":{"a":0,"k":[0.186712781121,0.588215607288,0.835294117647,1],"ix":4},"o":{"a":0,"k":100,"ix":5},"r":1,"bm":0,"nm":"Fill 1","mn":"ADBE Vector Graphic - Fill","hd":false},{"ty":"tr","p":{"a":0,"k":[0,0],"ix":2},"a":{"a":0,"k":[0,0],"ix":1},"s":{"a":0,"k":[100,100],"ix":3},"r":{"a":0,"k":0,"ix":6},"o":{"a":0,"k":100,"ix":7},"sk":{"a":0,"k":0,"ix":4},"sa":{"a":0,"k":0,"ix":5},"nm":"Transform"}],"nm":"Group 1","np":2,"cix":2,"bm":0,"ix":1,"mn":"ADBE Vector Group","hd":false}],"ip":0,"op":240,"st":0,"bm":0}],"markers":[{"tm":82,"cm":"1","dr":0}]}