{"v":"5.6.6","ip":0,"op":149,"fr":60,"w":720,"h":720,"layers":[{"ind":2460,"nm":"surface9492","ao":0,"ip":0,"op":720,"st":0,"ty":4,"ks":{"o":{"a":1,"k":[{"i":{"x":[0.67],"y":[1]},"o":{"x":[0.33],"y":[0]},"t":12,"s":[0]},{"t":29,"s":[100]}],"ix":11},"r":{"a":0,"k":0,"ix":10},"p":{"a":1,"k":[{"i":{"x":0.67,"y":1},"o":{"x":0.33,"y":0},"t":0,"s":[-187,450],"to":[74,0,0],"ti":[-74,0,0]},{"t":29,"s":[450,450]}],"ix":2},"a":{"a":0,"k":[360,360],"ix":1},"s":{"a":1,"k":[{"i":{"x":[0.67,0.67,0.67],"y":[1,1,1]},"o":{"x":[0.33,0.33,0.33],"y":[0,0,0]},"t":29,"s":[79,79,100]},{"t":51,"s":[106,106,100]}],"ix":6}},"shapes":[{"ty":"gr","hd":false,"nm":"surface9492","it":[{"ty":"gr","hd":false,"it":[{"ty":"sh","ks":{"k":{"i":[[0,0],[4.51,-4.5],[-4.5,-4.51],[0,0],[0,0],[-4.51,-4.5],[-4.5,4.51],[0,0],[0,0],[0,3.05],[2.16,2.16]],"o":[[-4.5,-4.51],[-4.51,4.5],[0,0],[0,0],[-4.5,4.51],[4.51,4.5],[0,0],[0,0],[2.16,-2.16],[0,-3.05],[0,0]],"v":[[322.12,179.08],[305.81,179.06],[305.8,195.38],[380.43,270.01],[305.8,344.62],[305.81,360.94],[322.12,360.92],[404.8,278.21],[404.86,278.14],[408.24,270],[404.86,261.86]],"c":true}}},{"ty":"fl","o":{"k":100},"c":{"k":[1,1,1,1]}},{"ty":"tr","o":{"k":100},"r":{"k":0},"p":{"k":[0,0]},"a":{"k":[0,0]},"s":{"k":[100,100]},"sk":{"k":0},"sa":{"k":0},"hd":false}]},{"ty":"gr","hd":false,"it":[{"ty":"sh","ks":{"k":{"i":[[0,0],[0,-6.36],[-6.36,0],[0,0],[0,6.36],[6.36,0]],"o":[[-6.36,0],[0,6.36],[0,0],[6.36,0],[0,-6.36],[0,0]],"v":[[143.28,258.48],[131.76,270],[143.28,281.52],[396.72,281.52],[408.24,270],[396.72,258.48]],"c":true}}},{"ty":"fl","o":{"k":100},"c":{"k":[1,1,1,1]}},{"ty":"tr","o":{"k":100},"r":{"k":0},"p":{"k":[0,0]},"a":{"k":[0,0]},"s":{"k":[100,100]},"sk":{"k":0},"sa":{"k":0},"hd":false}]},{"ty":"gr","hd":false,"it":[{"ty":"sh","ks":{"k":{"i":[[0,0],[149.12,0],[0,149.12],[-149.12,0],[0,-149.12]],"o":[[0,149.12],[-149.12,0],[0,-149.12],[149.12,0],[0,0]],"v":[[540,270],[270,540],[0,270],[270,0],[540,270]],"c":false}}},{"ty":"gf","s":{"k":[0,270]},"e":{"k":[540,270]},"t":1,"h":{"k":0},"a":{"k":0},"g":{"p":7,"k":{"k":[0,0.14,0.07,0.35,0.14,0.14,0.22,0.44,0.35,0.15,0.4,0.56,0.54,0.15,0.55,0.65,0.72,0.16,0.66,0.72,0.88,0.16,0.72,0.76,1,0.16,0.75,0.78,0,1,0.14,1,0.35,1,0.54,1,0.72,1,0.88,1,1,1]}},"hd":false,"o":{"k":100}},{"ty":"tr","o":{"k":100},"r":{"k":0},"p":{"k":[0,0]},"a":{"k":[0,0]},"s":{"k":[100,100]},"sk":{"k":0},"sa":{"k":0},"hd":false}]},{"ty":"tr","o":{"k":100},"r":{"k":0},"p":{"k":[0,0]},"a":{"k":[0,0]},"s":{"k":[100,100]},"sk":{"k":0},"sa":{"k":0},"hd":false}]}]}],"meta":{"g":"LF SVG to Lottie"},"assets":[]}