{"v":"4.8.0","meta":{"g":"LottieFiles AE 3.1.1","a":"","k":"","d":"","tc":""},"fr":24,"ip":0,"op":51,"w":1000,"h":1000,"nm":"Video camera","ddd":0,"assets":[{"id":"comp_0","layers":[{"ddd":0,"ind":1,"ty":4,"nm":"Cam_3","parent":2,"sr":1,"ks":{"o":{"a":0,"k":100,"ix":11},"r":{"a":0,"k":0,"ix":10},"p":{"s":true,"x":{"a":1,"k":[{"i":{"x":[0],"y":[1]},"o":{"x":[0.333],"y":[0]},"t":6,"s":[105.778]},{"t":16,"s":[277.278]}],"ix":3},"y":{"a":0,"k":0,"ix":4}},"a":{"a":0,"k":[0,0,0],"ix":1},"s":{"a":0,"k":[100,100,100],"ix":6}},"ao":0,"shapes":[{"ty":"gr","it":[{"ind":0,"ty":"sh","ix":1,"ks":{"a":1,"k":[{"i":{"x":0.667,"y":1},"o":{"x":0.333,"y":0},"t":12,"s":[{"i":[[0,0],[-8.668,-4.937],[-8.613,5.1],[0,0],[0,0],[0,0],[8.64,-4.957],[0,-9.948]],"o":[[0,9.983],[8.666,4.924],[0,0],[0,0],[0,0],[-8.599,-5.013],[-8.626,4.958],[0,0]],"v":[[-83.333,-54.152],[-69.308,-30.016],[-41.382,-30.26],[83.333,-104.215],[83.333,104.215],[-41.558,31.359],[-69.39,31.263],[-83.333,55.352]],"c":true}]},{"i":{"x":0.667,"y":1},"o":{"x":0.333,"y":0},"t":15,"s":[{"i":[[0,0],[-8.668,-4.937],[-8.613,5.1],[0,0],[0,0],[0,0],[8.64,-4.957],[0,-9.948]],"o":[[0,9.983],[8.666,4.924],[0,0],[0,0],[0,0],[-8.599,-5.013],[-8.626,4.958],[0,0]],"v":[[-83.333,-54.152],[-69.308,-30.016],[-41.382,-30.26],[110.833,-104],[110.833,104.429],[-41.558,31.359],[-69.39,31.263],[-83.333,55.352]],"c":true}]},{"t":20,"s":[{"i":[[0,0],[-8.668,-4.937],[-8.613,5.1],[0,0],[0,0],[0,0],[8.64,-4.957],[0,-9.948]],"o":[[0,9.983],[8.666,4.924],[0,0],[0,0],[0,0],[-8.599,-5.013],[-8.626,4.958],[0,0]],"v":[[-83.333,-54.152],[-69.308,-30.016],[-41.382,-30.26],[83.333,-104.215],[83.333,104.215],[-41.558,31.359],[-69.39,31.263],[-83.333,55.352]],"c":true}]}],"ix":2},"nm":"Path 1","mn":"ADBE Vector Shape - Group","hd":false},{"ty":"fl","c":{"a":0,"k":[1,1,1,1],"ix":4},"o":{"a":0,"k":100,"ix":5},"r":1,"bm":0,"nm":"Fill 1","mn":"ADBE Vector Graphic - Fill","hd":false},{"ty":"tr","p":{"a":0,"k":[0,0],"ix":2},"a":{"a":0,"k":[0,0],"ix":1},"s":{"a":0,"k":[100,100],"ix":3},"r":{"a":0,"k":0,"ix":6},"o":{"a":0,"k":100,"ix":7},"sk":{"a":0,"k":0,"ix":4},"sa":{"a":0,"k":0,"ix":5},"nm":"Transform"}],"nm":"Group 1","np":2,"cix":2,"bm":0,"ix":1,"mn":"ADBE Vector Group","hd":false}],"ip":6,"op":57,"st":6,"bm":0},{"ddd":0,"ind":2,"ty":4,"nm":"Cam_2","sr":1,"ks":{"o":{"a":0,"k":100,"ix":11},"r":{"a":0,"k":0,"ix":10},"p":{"a":0,"k":[416.667,500,0],"ix":2},"a":{"a":0,"k":[0,0,0],"ix":1},"s":{"a":1,"k":[{"i":{"x":[0.246,0.246,0.667],"y":[1,1,1]},"o":{"x":[0.333,0.333,0.333],"y":[0,0,0]},"t":2,"s":[0,0,100]},{"t":14,"s":[100,100,100]}],"ix":6}},"ao":0,"shapes":[{"ty":"gr","it":[{"ind":0,"ty":"sh","ix":1,"ks":{"a":0,"k":{"i":[[0,0],[15.313,0],[0,0],[0,15.319],[0,0],[-15.313,0],[0,0],[0,-15.32]],"o":[[0,15.319],[0,0],[-15.313,0],[0,0],[0,-15.32],[0,0],[15.313,0],[0,0]],"v":[[194.444,166.667],[166.666,194.444],[-166.667,194.444],[-194.444,166.667],[-194.444,-166.666],[-166.667,-194.444],[166.666,-194.444],[194.444,-166.666]],"c":true},"ix":2},"nm":"Path 1","mn":"ADBE Vector Shape - Group","hd":false},{"ty":"fl","c":{"a":0,"k":[1,1,1,1],"ix":4},"o":{"a":0,"k":100,"ix":5},"r":1,"bm":0,"nm":"Fill 1","mn":"ADBE Vector Graphic - Fill","hd":false},{"ty":"tr","p":{"a":0,"k":[0,0],"ix":2},"a":{"a":0,"k":[0,0],"ix":1},"s":{"a":0,"k":[100,100],"ix":3},"r":{"a":0,"k":0,"ix":6},"o":{"a":0,"k":100,"ix":7},"sk":{"a":0,"k":0,"ix":4},"sa":{"a":0,"k":0,"ix":5},"nm":"Transform"}],"nm":"Group 1","np":2,"cix":2,"bm":0,"ix":1,"mn":"ADBE Vector Group","hd":false}],"ip":2,"op":53,"st":2,"bm":0}]}],"layers":[{"ddd":0,"ind":1,"ty":0,"nm":"Video_Cam_Matte","td":1,"refId":"comp_0","sr":1,"ks":{"o":{"a":0,"k":100,"ix":11},"r":{"a":0,"k":0,"ix":10},"p":{"a":0,"k":[500,500,0],"ix":2},"a":{"a":0,"k":[500,500,0],"ix":1},"s":{"a":0,"k":[100,100,100],"ix":6}},"ao":0,"w":1000,"h":1000,"ip":0,"op":51,"st":0,"bm":0},{"ddd":0,"ind":2,"ty":4,"nm":"Cam_1","parent":3,"tt":2,"sr":1,"ks":{"o":{"a":0,"k":100,"ix":11},"r":{"a":0,"k":0,"ix":10},"p":{"a":0,"k":[83.333,0,0],"ix":2},"a":{"a":0,"k":[0,0,0],"ix":1},"s":{"a":0,"k":[100,100,100],"ix":6}},"ao":0,"shapes":[{"ty":"gr","it":[{"ind":0,"ty":"sh","ix":1,"ks":{"a":0,"k":{"i":[[8.668,4.937],[8.598,-5.107],[0,0],[0,0],[45.953,0],[0,0],[0,-45.953],[0,0],[-45.953,0],[0,0],[0,45.953],[0,0],[0,0],[-8.626,4.957],[0,9.949],[0,0]],"o":[[-8.681,-4.945],[0,0],[0,0],[0,-45.953],[0,0],[-45.953,0],[0,0],[0,45.953],[0,0],[45.953,0],[0,0],[0,0],[8.599,5.006],[8.627,-4.958],[0,0],[0,-9.983]],"v":[[319.308,-176.914],[291.382,-176.669],[166.667,-102.715],[166.667,-166.667],[83.333,-250],[-250,-250],[-333.333,-166.667],[-333.333,166.667],[-250,250],[83.333,250],[166.667,166.667],[166.667,103.915],[291.558,176.771],[319.39,176.867],[333.333,152.778],[333.333,-152.778]],"c":true},"ix":2},"nm":"Path 1","mn":"ADBE Vector Shape - Group","hd":false},{"ty":"fl","c":{"a":0,"k":[0.40000000596,0.411764711142,0.839215695858,1],"ix":4},"o":{"a":0,"k":100,"ix":5},"r":1,"bm":0,"nm":"Fill 1","mn":"ADBE Vector Graphic - Fill","hd":false},{"ty":"tr","p":{"a":0,"k":[0,0],"ix":2},"a":{"a":0,"k":[0,0],"ix":1},"s":{"a":0,"k":[100,100],"ix":3},"r":{"a":0,"k":0,"ix":6},"o":{"a":0,"k":100,"ix":7},"sk":{"a":0,"k":0,"ix":4},"sa":{"a":0,"k":0,"ix":5},"nm":"Transform"}],"nm":"Group 1","np":2,"cix":2,"bm":0,"ix":1,"mn":"ADBE Vector Group","hd":false}],"ip":0,"op":51,"st":0,"bm":0},{"ddd":0,"ind":3,"ty":3,"nm":"C | Master","sr":1,"ks":{"o":{"a":0,"k":100,"ix":11},"r":{"a":0,"k":0,"ix":10},"p":{"a":0,"k":[416.667,500,0],"ix":2},"a":{"a":0,"k":[0,0,0],"ix":1},"s":{"a":1,"k":[{"i":{"x":[0.246,0.246,0.667],"y":[1,1,1]},"o":{"x":[0.333,0.333,0.333],"y":[0,0,0]},"t":0,"s":[0,0,100]},{"t":12,"s":[100,100,100]}],"ix":6}},"ao":0,"ef":[{"ty":5,"nm":"Controller","np":14,"mn":"Pseudo/DUIK Ctrl v02","ix":1,"en":1,"ef":[{"ty":6,"nm":"Icon","mn":"Pseudo/DUIK Ctrl v02-0001","ix":1,"v":0},{"ty":2,"nm":"Color","mn":"Pseudo/DUIK Ctrl v02-0002","ix":2,"v":{"a":0,"k":[0.92549020052,0.0941176489,0.0941176489,1],"ix":2}},{"ty":3,"nm":"Position","mn":"Pseudo/DUIK Ctrl v02-0003","ix":3,"v":{"a":0,"k":[0,0],"ix":3}},{"ty":0,"nm":"Size","mn":"Pseudo/DUIK Ctrl v02-0004","ix":4,"v":{"a":0,"k":66,"ix":4}},{"ty":7,"nm":"Flip","mn":"Pseudo/DUIK Ctrl v02-0005","ix":5,"v":{"a":0,"k":0,"ix":5}},{"ty":0,"nm":"Orientation","mn":"Pseudo/DUIK Ctrl v02-0006","ix":6,"v":{"a":0,"k":0,"ix":6}},{"ty":0,"nm":"Opacity","mn":"Pseudo/DUIK Ctrl v02-0007","ix":7,"v":{"a":0,"k":100,"ix":7}},{"ty":6,"nm":"","mn":"Pseudo/DUIK Ctrl v02-0008","ix":8,"v":0},{"ty":6,"nm":"Anchor","mn":"Pseudo/DUIK Ctrl v02-0009","ix":9,"v":0},{"ty":2,"nm":"Color","mn":"Pseudo/DUIK Ctrl v02-0010","ix":10,"v":{"a":0,"k":[0,0,0,1],"ix":10}},{"ty":0,"nm":"Size","mn":"Pseudo/DUIK Ctrl v02-0011","ix":11,"v":{"a":0,"k":66,"ix":11}},{"ty":6,"nm":"","mn":"Pseudo/DUIK Ctrl v02-0012","ix":12,"v":0}]}],"ip":0,"op":51,"st":0,"bm":0}],"markers":[]}